period,month,eligible_customers,regained_customers,regain_rate
Noel,2025-12,3639,1307,0.35916460566089586
Periode proche,2025-11,2437,1047,0.4296265900697579
